neighbor_net,region,state,email,instagram,source_url
Teaneck,New Jersey North,NJ,nnc.teaneck@youngmuslims.com,@ym.teaneck.brothers,https://ymsite.com/ym-locations/
Paramus,New Jersey North,NJ,nnc.paramus@youngmuslims.com,@ym.paramus.brothers,https://ymsite.com/ym-locations/
Bayonne,New Jersey North,NJ,nnc.bayonne@youngmuslims.com,@ym.bayonne.brothers,https://ymsite.com/ym-locations/
Jersey City,New Jersey North,NJ,nnc.jerseycity@youngmuslims.com,@ym.jerseycity.brothers,https://ymsite.com/ym-locations/
Newark,New Jersey North,NJ,nnc.newark@youngmuslims.com,@ym.newark.brothers,https://ymsite.com/ym-locations/
Piscataway,New Jersey South,NJ,nnc.piscataway@youngmuslims.com,@ym.piscataway.brothers,https://ymsite.com/ym-locations/
Edison,New Jersey South,NJ,nnc.edison@youngmuslims.com,@ym.edison.brothers,https://ymsite.com/ym-locations/
South Brunswick,New Jersey South,NJ,nnc.southbrunswick@youngmuslims.com,@tm.southbrunswick.brothers,https://ymsite.com/ym-locations/
Montyboro,New Jersey South,NJ,nnc.montyboro@youngmuslims.com,@ym.montyboro.brothers,https://ymsite.com/ym-locations/
South Jersey,New Jersey South,NJ,nnc.southjersey@youngmuslims.com,@ym.southjersey.brothers,https://ymsite.com/ym-locations/
Woodbridge,New Jersey South,NJ,nnc.woodbridge@youngmuslims.com,@ym.woodbridge.brothers,https://ymsite.com/ym-locations/
Old Bridge,New Jersey South,NJ,nnc.oldbridge@youngmuslims.com,@ym.oldbridge.brothers,https://ymsite.com/ym-locations/
571,New Jersey South,NJ,nnc.woodbridge@youngmuslims.com,@ym.571.brothers,https://ymsite.com/ym-locations/
Jamaica,New York East,NY,nnc.jamaica@youngmuslims.com,@ym.jamaica.brothers,https://ymsite.com/ym-locations/
Valley Stream,New York East,NY,nnc.valleystream@youngmuslims.com,@ym.valleystream.brothers,https://ymsite.com/ym-locations/
Shelterock,New York East,NY,nnc.shelter@youngmuslims.com,@ym.shelter.brothers,https://ymsite.com/ym-locations/
East Meadow,New York East,NY,nnc.eastmeadow@youngmuslims.com,@ym.eastmeadow.brothers,https://ymsite.com/ym-locations/
Flushing,New York East,NY,nnc.flushing@youngmuslims.com,@ym.flushing.brothers,https://ymsite.com/ym-locations/
Bronx,New York West,NY,nnc.bronx@youngmuslims.com,@ym.bronx.brothers,https://ymsite.com/ym-locations/
Brooklyn,New York West,NY,nnc.brooklyn@youngmuslims.com,@ym.brooklyn.brothers,https://ymsite.com/ym-locations/
Westchester,New York West,NY,nnc.westchester@youngmuslims.com,@ym.westchester.brothers,https://ymsite.com/ym-locations/
West Philly,Pennsylvania,PA,nnc.westphilly@youngmuslims.com,@ym.westphilly.brothers,https://ymsite.com/ym-locations/
Westport,Pennsylvania,PA,nnc.westport@youngmuslims.com,@ym.westport.brothers,https://ymsite.com/ym-locations/
Easton,Pennsylvania,PA,nnc.easton@youngmuslims.com,@ym.easton.brothers,https://ymsite.com/ym-locations/
Devon,Pennsylvania,PA,nnc.devon@youngmuslims.com,@ym.devon.brothers,https://ymsite.com/ym-locations/
Upper Darby,Pennsylvania,PA,nnc.upperdarby@youngmuslims.com,@ym.upperdarby.brothers,https://ymsite.com/ym-locations/
Khair,Pennsylvania,PA,nnc.khair@youngmuslims.com,@ym.khair.brothers,https://ymsite.com/ym-locations/
West Chester,Pennsylvania,PA,nnc.wcpa@youngmuslims.com,@ym.wcpa.brothers,https://ymsite.com/ym-locations/
Masjid al-Nur,Pennsylvania,PA,nnc.masjidalnur@youngmuslims.com,@ym.masjidalnur.brothers,https://ymsite.com/ym-locations/
Stamford,Connecticut,CT,nnc.stamford@youngmuslims.com,@ym.stamford.brothers,https://ymsite.com/ym-locations/
Waterbury,Connecticut,CT,nnc.waterbury@youngmuslims.com,@ym.waterbury.brothers,https://ymsite.com/ym-locations/
Berlin,Connecticut,CT,nnc.berlin@youngmuslims.com,@ym.berlin.brothers,https://ymsite.com/ym-locations/
Locks,Connecticut,CT,nnc.locks@youngmuslims.com,@ym.locks.brothers,https://ymsite.com/ym-locations/
Baltimore,Maryland,MD,nnc.baltimore@youngmuslims.com,@ym.baltimore.brothers,https://ymsite.com/ym-locations/
Atlanta,Georgia,GA,nnc.atlanta@youngmuslims.com,@ym.atlanta.brothers,https://ymsite.com/ym-locations/
Lilburn,Georgia,GA,nnc.lilburn@youngmuslims.com,@ym.lilburn.brothers,https://ymsite.com/ym-locations/
Stone Mountain,Georgia,GA,nnc.stonemountain@youngmuslims.com,@ym.stonemountain.brothers,https://ymsite.com/ym-locations/
East Cobb,Georgia,GA,nnc.eastcobb@youngmuslims.com,@ym.eastcobb.brothers,https://ymsite.com/ym-locations/
Suwanee,Georgia,GA,nnc.suwanee@youngmuslims.com,@ym.suwanee.brothers,https://ymsite.com/ym-locations/
Pompano,Florida,FL,nnc.pompano@youngmuslims.com,@ym.pompano.brothers,https://ymsite.com/ym-locations/
Jacksonville,Florida,FL,nnc.jax@youngmuslims.com,@ym.jax.brothers,https://ymsite.com/ym-locations/
Lake Mary,Florida,FL,nnc.lakemary@youngmuslims.com,@ym.lakemary.brothers,https://ymsite.com/ym-locations/
Tampa,Florida,FL,nnc.tampa@youngmuslims.com,@ym.tampa.brothers,https://ymsite.com/ym-locations/
Miami,Florida,FL,nnc.miami@youngmuslims.com,@ym.miami.brothers,https://ymsite.com/ym-locations/
West Palm Beach,Florida,FL,nnc.wpb@youngmuslims.com,@ym.wpb.brothers,https://ymsite.com/ym-locations/
Gainesville,Florida,FL,nnc.gainesville@youngmuslims.com,@ym.gainesville.brothers,https://ymsite.com/ym-locations/
Nashville,Tennessee,TN,nnc.nashville@youngmuslims.com,@ym.nashville.brothers,https://ymsite.com/ym-locations/
Maryam,Houston,TX,nnc.maryam@youngmuslims.com,@ym.maryam.brothers,https://ymsite.com/ym-locations/
YM Masjid Hamza,Houston,TX,nnc.ym.masjidhamza@youngmuslims.com,@ym.ym.masjidhamza.brothers,https://ymsite.com/ym-locations/
Clear Lake,Houston,TX,nnc.clearlake@youngmuslims.com,@ym.clearlake.brothers,https://ymsite.com/ym-locations/
Cinco Ranch,Houston,TX,nnc.cincoranch@youngmuslims.com,@ym.cincoranch.brothers,https://ymsite.com/ym-locations/
Bear Creek,Houston,TX,nnc.bearcreek@youngmuslims.com,@ym.bearcreek.brothers,https://ymsite.com/ym-locations/
Maskaty,Houston,TX,nnc.maskaty@youngmuslims.com,@ym.maskaty.brothers,https://ymsite.com/ym-locations/
Cstat,Houston,TX,nnc.cstat@youngmuslims.com,@ym.cstat.brothers,https://ymsite.com/ym-locations/
Synott,Houston,TX,nnc.synott@youngmuslims.com,@ym.synott.brothers,https://ymsite.com/ym-locations/
Cypress,Houston,TX,nnc.cypress@youngmuslims.com,@ym.cypress.brothers,https://ymsite.com/ym-locations/
Carrollton,Dallas,TX,nnc.carrollton@youngmuslims.com,@ym.carrollton.brothers,https://ymsite.com/ym-locations/
Euless,Dallas,TX,nnc.euless@youngmuslims.com,@ym.euless.brothers,https://ymsite.com/ym-locations/
Irving,Dallas,TX,nnc.irving@youngmuslims.com,@ym.irving.brothers,https://ymsite.com/ym-locations/
Valley Ranch,Dallas,TX,nnc.valleyranch@youngmuslims.com,@ym.valleyranch.brothers,https://ymsite.com/ym-locations/
Frisco,Dallas,TX,nnc.frisco@youngmuslims.com,@ym.frisco.brothers,https://ymsite.com/ym-locations/
Richardson,Dallas,TX,nnc.richardson@youngmuslims.com,@ym.richardson.brothers,https://ymsite.com/ym-locations/
East Plano,Dallas,TX,nnc.eastplano@youngmuslims.com,@ym.eastplano.brothers,https://ymsite.com/ym-locations/
Austin,Austin,TX,nnc.austin@youngmuslims.com,@ym.austin.brothers,https://ymsite.com/ym-locations/
Niles,Chicago,IL,nnc.niles@youngmuslims.com,@ym.niles.brothers,https://ymsite.com/ym-locations/
IFN,Chicago,IL,nnc.ifn@youngmuslims.com,@ym.ifn.brothers,https://ymsite.com/ym-locations/
Plainfield,Chicago,IL,nnc.plainfield@youngmuslims.com,@ym.plainfield.brothers,https://ymsite.com/ym-locations/
Fishers,Indiana,IN,nnc.brosfishers@youngmuslims.com,@ym.brosfishers.brothers,https://ymsite.com/ym-locations/
Minneapolis,Minnesota,MN,nnc.minneapolis@youngmuslims.com,@ym.minneapolis.brothers,https://ymsite.com/ym-locations/
Mississauga,"Ontario, Canada",ON,nnc.mississauga@youngmuslims.com,@ym.mississauga.brothers,https://ymsite.com/ym-locations/
Las Vegas,Nevada,NV,nnc.lasvegas@youngmuslims.com,@ym.lasvegas.brothers,https://ymsite.com/ym-locations/
Metro West,Nevada,NV,nnc.metrowest@youngmuslims.com,@ym.metrowest.brothers,https://ymsite.com/ym-locations/
Los Angeles,California,CA,nnc.losangeles@youngmuslims.com,@ym.losangeles.brothers,https://ymsite.com/ym-locations/
Berkeley,California,CA,nnc.berkeley@youngmuslims.com,@ym.berkeley.brothers,https://ymsite.com/ym-locations/
Corona,California,CA,nnc.corona@youngmuslims.com,@ym.corona.brothers,https://ymsite.com/ym-locations/
Brighton,California,CA,nnc.brighton@youngmuslims.com,@ym.brighton.brothers,https://ymsite.com/ym-locations/
La Mirada,California,CA,nnc.lamirada@youngmuslims.com,@ym.lamirada.brothers,https://ymsite.com/ym-locations/
Calgary,"Alberta, Canada",AB,nnc.calgary@youngmuslims.com,@ym.calgary.brothers,https://ymsite.com/ym-locations/
