neighbor_net,region,state,instagram,source_url
East Valley,Arizona,AZ,@ym.eastvalley.sisters,https://ymsisters.com/locations/
Berkeley,California,CA,,https://ymsisters.com/locations/
Los Angeles,California,CA,@ym.losangeles.sisters,https://ymsisters.com/locations/
Sacramento,California,CA,@ym.sacramento.sisters,https://ymsisters.com/locations/
Berlin,Connecticut,CT,@ym.berlin.sisters,https://ymsisters.com/locations/
Middletown,Connecticut,CT,@ym.middletown.sisters,https://ymsisters.com/locations/
New Haven,Connecticut,CT,,https://ymsisters.com/locations/
Stamford,Connecticut,CT,@ym.stamford.sisters,https://ymsisters.com/locations/
Windsor Locks,Connecticut,CT,@ym.locks.sisters,https://ymsisters.com/locations/
Jacksonville,Florida,FL,@ym.jax.sisters,https://ymsisters.com/locations/
Orlando,Florida,FL,@ym.orlando.sisters,https://ymsisters.com/locations/
Pompano Beach,Florida,FL,@ym.pompano.sisters,https://ymsisters.com/locations/
SoFlo,Florida,FL,@ym.soflo.sisters,https://ymsisters.com/locations/
Tampa,Florida,FL,@ym.tampa.sisters,https://ymsisters.com/locations/
Alpharetta,Georgia,GA,@ym.alpharetta.sisters,https://ymsisters.com/locations/
Augusta,Georgia,GA,@ym.augusta.sisters,https://ymsisters.com/locations/
Douglasville,Georgia,GA,@ym.dville.sisters,https://ymsisters.com/locations/
Duluth,Georgia,GA,@ym.duluth.sisters,https://ymsisters.com/locations/
Forsyth,Georgia,GA,@ym.forsyth.sisters,https://ymsisters.com/locations/
Suwanee,Georgia,GA,@ym.suwanee.sisters,https://ymsisters.com/locations/
AMPO,Illinois,IL,@ym.ampo.sisters,https://ymsisters.com/locations/
ICCD,Illinois,IL,@ym.iccd.sisters,https://ymsisters.com/locations/
IFN,Illinois,IL,@ym.lakecounty.sisters,https://ymsisters.com/locations/
Plainfield,Illinois,IL,@ym.plainfield.sisters,https://ymsisters.com/locations/
Westside,Illinois,IL,@ym.westside.sisters,https://ymsisters.com/locations/
Illiana,Indiana,IN,@ym.illiana.sisters,https://ymsisters.com/locations/
North Indy,Indiana,IN,@ym.northindy.sisters,https://ymsisters.com/locations/
West Indy,Indiana,IN,@ym.westindy.sisters,https://ymsisters.com/locations/
Des Moines,Iowa,IA,@ym.desmoines.sisters,https://ymsisters.com/locations/
Bowling Green,Kentucky,KY,@ym.bg.sisters,https://ymsisters.com/locations/
Lexington,Kentucky,KY,@ym.lexington.sisters,https://ymsisters.com/locations/
Baton Rouge,Louisiana,LA,@ym.batonrouge.sisters,https://ymsisters.com/locations/
Mandeville,Louisiana,LA,@ym.mandeville.sisters,https://ymsisters.com/locations/
New Orleans,Louisiana,LA,@ym.nola.sisters,https://ymsisters.com/locations/
Portland,Maine,ME,@ym.portland.sisters,https://ymsisters.com/locations/
Bel Air,Maryland,MD,@ym.belair.sisters,https://ymsisters.com/locations/
Gaithersburg,Maryland,MD,@ym.gaithersburg.sisters,https://ymsisters.com/locations/
Laurel,Maryland,MD,@ym.laurel.sisters,https://ymsisters.com/locations/
Salisbury,Maryland,MD,@ym.salisbury.sisters,https://ymsisters.com/locations/
White Marsh,Maryland,MD,@ym.whitemarsh.sisters,https://ymsisters.com/locations/
Acton-Boxborough,Massachusetts,MA,@ym.actonboxborough.sisters,https://ymsisters.com/locations/
Andover,Massachusetts,MA,@ym.methuen.sisters,https://ymsisters.com/locations/
Boston,Massachusetts,MA,@ym.boston.sisters,https://ymsisters.com/locations/
Sharon,Massachusetts,MA,@ym.sharon.sisters,https://ymsisters.com/locations/
Westborough,Massachusetts,MA,@ym.westborough.sisters,https://ymsisters.com/locations/
Worcester,Massachusetts,MA,@ym.worcester.sisters,https://ymsisters.com/locations/
Minneapolis,Minnesota,MN,@ym.minneapolis.sisters,https://ymsisters.com/locations/
Rochester,Minnesota,MN,@ym.rochester.sisters,https://ymsisters.com/locations/
Las Vegas,Nevada,NV,@ym.lasvegas.sisters,https://ymsisters.com/locations/
571,New Jersey,NJ,@ym.571.sisters,https://ymsisters.com/locations/
Basking Ridge,New Jersey,NJ,@ym.baskingridge.sisters,https://ymsisters.com/locations/
Bridgewater,New Jersey,NJ,@ym.bridgewater.sisters,https://ymsisters.com/locations/
Cherry Hill,New Jersey,NJ,@ym.cherryhill.sisters,https://ymsisters.com/locations/
East Brunswick,New Jersey,NJ,@ym.eastbrunswick.sisters,https://ymsisters.com/locations/
Edison,New Jersey,NJ,@ym.edison.sisters,https://ymsisters.com/locations/
Iselin,New Jersey,NJ,@ym.iselin.sisters,https://ymsisters.com/locations/
Jersey City,New Jersey,NJ,@ym.jerseycity.sisters,https://ymsisters.com/locations/
Morris County,New Jersey,NJ,@ym.morriscounty.sisters,https://ymsisters.com/locations/
Old Bridge,New Jersey,NJ,,https://ymsisters.com/locations/
Paramus,New Jersey,NJ,@ym.paramus.sisters,https://ymsisters.com/locations/
Piscataway,New Jersey,NJ,@ym.piscataway.sisters,https://ymsisters.com/locations/
Saddle River,New Jersey,NJ,,https://ymsisters.com/locations/
Sayreville,New Jersey,NJ,@ym.sayreville.sisters,https://ymsisters.com/locations/
Teaneck,New Jersey,NJ,@ym.teaneck.sisters,https://ymsisters.com/locations/
Trenton,New Jersey,NJ,@ym.trenton.sisters,https://ymsisters.com/locations/
Brighton Beach,New York,NY,@ym.brightonbeach.sisters,https://ymsisters.com/locations/
Flushing,New York,NY,@ym.flushing.sisters,https://ymsisters.com/locations/
Jamaica,New York,NY,@ym.jamaica.sisters,https://ymsisters.com/locations/
Kensington,New York,NY,@ym.kensington.sisters,https://ymsisters.com/locations/
New Hyde Park,New York,NY,@ym.newhydepark.sisters,https://ymsisters.com/locations/
Roslyn,New York,NY,@ym.roslyn.sisters,https://ymsisters.com/locations/
Westbury,New York,NY,@ym.westbury.sisters,https://ymsisters.com/locations/
Charlotte,North Carolina,NC,@ym.charlotte.sisters,https://ymsisters.com/locations/
Cincinnati,Ohio,OH,@ym.cincinnati.sisters,https://ymsisters.com/locations/
Columbus,Ohio,OH,@ym.columbus.sisters,https://ymsisters.com/locations/
Oklahoma City,Oklahoma,OK,@ym.okc.sisters,https://ymsisters.com/locations/
Allentown,Pennsylvania,PA,@ym.allentown.sisters,https://ymsisters.com/locations/
DelCo,Pennsylvania,PA,@ym.delco.sisters,https://ymsisters.com/locations/
Devon,Pennsylvania,PA,@ym.devon.sisters,https://ymsisters.com/locations/
Harrisburg,Pennsylvania,PA,@ym.harrisburg.sisters,https://ymsisters.com/locations/
Philly,Pennsylvania,PA,@ym.nephilly.sisters,https://ymsisters.com/locations/
Franklin,Tennessee,TN,@ym.franklin.sisters,https://ymsisters.com/locations/
Bear Creek,Texas,TX,@ym.bearcreek.sisters,https://ymsisters.com/locations/
Clear Lake,Texas,TX,@ym.clearlake.sisters,https://ymsisters.com/locations/
College Station,Texas,TX,@ym.cstat.sisters,https://ymsisters.com/locations/
Cypress,Texas,TX,@ym.cypress.sisters,https://ymsisters.com/locations/
DeZavala,Texas,TX,@ym.dezavala.sisters,https://ymsisters.com/locations/
Euless,Texas,TX,@ym.euless.sisters,https://ymsisters.com/locations/
Frisco,Texas,TX,@ym.frisco.sisters,https://ymsisters.com/locations/
Irving,Texas,TX,@ym.irving.sisters,https://ymsisters.com/locations/
Klein,Texas,TX,@ym.klein.sisters,https://ymsisters.com/locations/
Murphy,Texas,TX,@ym.murphy.sisters,https://ymsisters.com/locations/
Richardson,Texas,TX,@ym.richardson.sisters,https://ymsisters.com/locations/
Round Rock,Texas,TX,@ym.roundrock.sisters,https://ymsisters.com/locations/
Sachse,Texas,TX,,https://ymsisters.com/locations/
Shadow Creek,Texas,TX,@ym.shadowcreek.sisters,https://ymsisters.com/locations/
Sugar Land,Texas,TX,@ym.sugarland.sisters,https://ymsisters.com/locations/
Valley Ranch,Texas,TX,@ym.valleyranch.sisters,https://ymsisters.com/locations/
Alexandria,Virginia,VA,@ym.alexandria.sisters,https://ymsisters.com/locations/
Gainesville,Virginia,VA,@ym.gainesville.sisters,https://ymsisters.com/locations/
Loudoun,Virginia,VA,@ym.loudoun.sisters,https://ymsisters.com/locations/
Woodbridge,Virginia,VA,@ym.woodbridgeva.sisters,https://ymsisters.com/locations/
Redmond,Washington,WA,@ym.redmond.sisters,https://ymsisters.com/locations/
DC,"Washington, DC",DC,@ym.dc.sisters,https://ymsisters.com/locations/
